;;;;;;"STRINGS "" "" ";;;;
;PRX20/25;;;;;max 16 char!;> 16 char;;;
;;;;;;1234567890123450;string;;;
"English SHORT"" """;ENGLISH;GERMAN;SPANISH;FRENCH;PORTUGUESE;GERMAN SHORT;SPANISH SHORT;FRENCH SHORT;PORTUGUESE SHORT;
"""Main Menu""";Main Menu;Hauptmenü;Menú Principal;;Menu Principal;Hauptmenü;Menú Principal;;Menu Principal;
"""Summary""";Summary;Überblick;Resumen;;Resumo;Überblick;Resumen;;Resumo;
"""Current""";Current;Strom;Corriente;;Corrente;Strom;Corriente;;Corrente;
"""Current Graph""";Current Graph;Strom Grafik;Gráfica de corriente;;Gráfico de Corrente;Strom Grafik;Gráfica corr.;;Gráfico Corrente;
"""Voltage""";Voltage;Spannung;Tensión;;Tens?o;Spannung;Tensión;;Tens?o;
"""Power""";Power;Leistung;Potencia;;Pot?ncia;Leistung;Potencia;;Pot?ncia;
"""Energy""";Energy;Energie;Energía;;Energia;Energie;Energía;;Energia;
"""Power Demand""";Power Demand;Leistungsbedarf;Demanda de potencia;;Demanda;Leistungsbedarf;Demanda potencia;;Demanda;
"""Test""";Test;Test;Testear;;Teste;Test;Testear;;Teste;
"""Edit Settings""";Edit Settings;Einstellungen Ändern;Configuraciones;;Configuraç?es;Einst. Ändern;Configuraciones;;Configuraç?es;
"""View Settings""";View Settings;Einstellungen Anzeigen;Ver configuraciones;;Visualizar config.;Einst. Anzeigen;Ver config.;;Ver config.;
"""Diagnostics""";Diagnostics;Diagnose;Diagnóstico;;Diagnóstico;Diagnose;Diagnóstico;;Diagnóstico;
"""Events""";Events;Ereignisse;Eventos;;Eventos;Ereignisse;Eventos;;Eventos;
"""Reset""";Reset;Zurücksetzen;Reset;;Reset;Zurücksetzen;Reset;;Reset;
"""Unit Information""";Unit Information;Geräte-Info.;Información del dispositivo;;Informaç?o sobre dispositivo;Geräte-Info.;Dispositivo;;Dispositivo;
"""Summary""";Summary;Überblick;Resumen;;Resumo;Überblick;Resumen;;Resumo;
"""Main Menu""";Main Menu;Hauptmenü;Menú Principal;;Menu Principal;Hauptmenü;Menú Principal;;Menu Principal;
"""I,avg""";I,avg;I,mitt.;I, media;;I, média;I,mitt.;I,media;;I,média;
"""A""";A;A;A;;A;A;A;;A;
"""V,L-L""";V,L-L;V,L-L;V, línea;;V, linha;V,L-L;V,línea;;V,linha;
"""V""";V;V;V;;V;V;V;;V;
"""P,3ph""";P,3ph;P,3ph;P,3f;;P,3f;P,3ph;P,3f;;P,3f;
"""kW""";kW;kW;kW;;kW;kW;kW;;kW;
"""E,net""";E,net;E,netto;E, neta;;E, balanço;E,net.;E,neta;;E,balanço;
"""kWh""";kWh;kWh;kWh;;kWh;kWh;kWh;;kWh;
"""Freq""";Freq;Frequenz;Frecuencia;;Freq;Freq.;Frecuencia;;Freq;
"""Hz""";Hz;Hz;Hz;;Hz;Hz;Hz;;Hz;
"""E,net""";E,net;E,netto;E, neta;;E, balanço;E,net.;E,neta;;E,balanço;
"""kWh""";kWh;kWh;kWh;;kWh;kWh;kWh;;kWh;
"""E,net""";E,net;E,netto;E, neta;;E, balanço;E,net.;E,neta;;E,balanço;
"""MWh""";MWh;MWh;MWh;;MWh;MWh;MWh;;MWh;
"""Instantaneous""";Instantaneous;;;;;;;;;
"""Ii =""";Ii =;;;;;;;;;
"""(*In)""";(*In);;;;;;;;;
"""Instant. = OFF""";Instantaneous = OFF;;;;;;;;;
"""Instant. = ON""";Instantaneous = ON;;;;;;;;;
"""Current(A)""";Current(A);Strom(A);Corriente(A);;Corrente(A);Strom(A);Corriente(A);;Corrente(A);
"""Main Menu""";Main Menu;Hauptmenü;Menú Principal;;Menu Principal;Hauptmenü;Menú Principal;;Menu Principal;
"""L1/A""";L1/A;L1/A;L1/A;;L1/A;L1/A;L1/A;;L1/A;
"""L2/B"" ";L2/B ;L2/B ;L2/B;;L2/B;L2/B ;L2/B;;L2/B;
"""L3/C""";L3/C;L3/C;L3/C;;L3/C;L3/C;L3/C;;L3/C;
"""N"" ";N;N ;N ;;N ;N ;N ;;N ;
"""G""";G;G oder PE;G o PE;;G ou PE;PE;PE;;PE;
"""Max Current(A)""";Max Current;Maximal Strom(A);Corriente máxima(A);;Corrente Máx(A);Maximal Strom(A);Corriente máx(A);;Corrente máx(A);
"""Min Current(A)""";Min Current;Minimal Strom(A);Corriente mínima(A);;Corrente Mín(A);Minimal Strom(A);Corriente mín(A);;Corrente mín(A);
"""Current THD(%)""";Current THD(%);Strom THD(%);THD corriente(%);;THD corrente(%);Strom THD(%);THD corriente(%);;THD corrente(%);
"""Long Delay""";Long Delay;;;;;;;;;
"""Ir =""";Ir =;;;;;;;;;
"""(*In)""";(*In);;;;;;;;;
"""tr =""";tr= ;;;;;;;;;
"""Sec""";Sec;;;;;;;;;
"""Current(%)""";Current(%);Strom(%);Corriente(%);;Corrente(%);Strom(%);Corriente(%);;Corrente(%);
"""Main Menu""";Main Menu;Hauptmenü;Menú Principal;;Menu Principal;Hauptmenü;Menú Principal;;Menu Principal;
"""Voltage(V)""";Voltage(V);Spannung(V);Tensión(V);;Tens?o(V);Spannung(V);Tensión(V);;Tens?o(V);
"""Main Menu""";Main Menu;Hauptmenü;Menú Principal;;Menu Principal;Hauptmenü;Menú Principal;;Menu Principal;
"""L1/A""";L1/A;L1/A;L1/A;;L1/A;L1/A;L1/A;;L1/A;
"""L2/B"" ";L2/B;L2/B;L2/B;;L2/B;L2/B;L2/B;;L2/B;
"""L3/C""";L3/C;L3/C;L3/C;;L3/C;L3/C;L3/C;;L3/C;
"""-N""";-N;-N;-N;;-N;-N;-N;;-N;
"""-N""";-N;-N;-N;;-N;-N;-N;;-N;
"""-N""";-N;-N;-N;;-N;-N;-N;;-N;
"""Line-Neutral"" ";Line-Neutral;Leitung-Neutral;Fase-Neutro;;Fase-Neutro;Phase-Neutral;Fase-Neutro;;Fase-Neutro;
"""Short Delay""";Short Delay;;;;;;;;;
"""Isd =""";Isd =;;;;;;;;;
"""(*Ir)""";(*Ir);;;;;;;;;
"""tsd =""";tsd =;;;;;;;;;
"""Sec""";Sec;;;;;;;;;
"""Slope =       Flat""";Slope =       Flat;;;;;;;;;
"""HL1 Alarm =    %""";High Load Alarm 1 =    %;;;;;;;;;
"""HL2 Alarm =    %""";High Load Alarm 2 =    %;;;;;;;;;
"""Voltage(V)""";Voltage(V);Spannung(V);Tensión(V);;Tens?o(V);Spannung(V);Tensión(V);;Tens?o(V);
"""Main Menu""";Main Menu;Hauptmenü;Menú Principal;;Menu Principal;Hauptmenü;Menú Principal;;Menu Principal;
"""L1/A""";L1/A;L1/A;L1/A;;L1/A;L1/A;L1/A;;L1/A;
"""L2/B"" ";L2/B;L2/B;L2/B;;L2/B;L2/B;L2/B;;L2/B;
"""L3/C""";L3/C;L3/C;L3/C;;L3/C;L3/C;L3/C;;L3/C;
"""-L2/B"" ";-L2/B;-L2/B;-L2/B;;-L2/B;-L2/B;-L2/B;;-L2/B;
"""-L3/C""";-L3/C;-L3/C;-L3/C;;-L3/C;-L3/C;-L3/C;;-L3/C;
"""-L1/A""";-L1/A;-L1/A;-L1/A;;-L1/A;-L1/A;-L1/A;;-L1/A;
"""Line-Line""";Line-Line;Leitung-Leitung;Fase-Fase;;Fase-Fase;Phase-Phase;Fase-Fase;;Fase-Fase;
"""Ground Fault""";Ground Fault;;;;;;;;;
"""Function = OFF""";Function = OFF;;;;;;;;;
"""Function = ALARM""";Function = ALARM;;;;;;;;;
"""Function = TRIP""";Function = TRIP;;;;;;;;;
"""Ig =""";Ig =;;;;;;;;;
"""(*In)""";(*In);;;;;;;;;
"""tsd =""";tsd =;;;;;;;;;
"""Sec""";Sec;;;;;;;;;
"""GF PrAl =       %""";Ground Fault PreAlarm =   %;;;;;;;;;
"""Max Voltage(V)""";Max Voltage(V);Max. Spg.(V);Tensión Máx(V);;Tens?o Máx(V);Max. Spannung(V);Tensión Máx(V);;Tens?o Máx(V);
"""Main Menu""";Main Menu;Hauptmenü;Menú Principal;;Menu Principal;Hauptmenü;Menú Principal;;Menu Principal;
"""L1/A""";L1/A;L1/A;L1/A;;L1/A;L1/A;L1/A;;L1/A;
"""L2/B"" ";L2/B;L2/B;L2/B;;L2/B;L2/B;L2/B;;L2/B;
"""L3/C""";L3/C;L3/C;L3/C;;L3/C;L3/C;L3/C;;L3/C;
"""-N""";-N;-N;-N;;-N;-N;-N;;-N;
"""-N""";-N;-N;-N;;-N;-N;-N;;-N;
"""-N""";-N;-N;-N;;-N;-N;-N;;-N;
"""Over Voltage""";Over Voltage;;;;;;;;;
"""Under Voltage""";Under Voltage;;;;;;;;;
"""Voltage Unbal.""";Voltage Unbalanced;;;;;;;;;
"""Current Unbal.""";Current Unbalanced;;;;;;;;;
"""Reverse Power""";Reverse Power;;;;;;;;;
"""Phase Loss""";Phase Loss;;;;;;;;;
"""Line-Neutral"" ";Line-Neutral;Leitung-Neutral;Fase-Neutro;;Fase-Neutro;Phase-Neutral;Fase-Neutro;;Fase-Neutro;
"""Max Voltage(V)""";Max Voltage(V);Max. Spg.(V);Tensión Máx(V);;Tens?o Máx(V);Max. Spannung(V);Tensión Máx(V);;Tens?o Máx(V);
"""Main Menu""";Main Menu;Hauptmenü;Menú Principal;;Menu Principal;Hauptmenü;Menú Principal;;Menu Principal;
"""L1/A""";L1/A;L1/A;L1/A;;L1/A;L1/A;L1/A;;L1/A;
"""L2/B"" ";L2/B;L2/B;L2/B;;L2/B;L2/B;L2/B;;L2/B;
"""L3/C""";L3/C;L3/C;L3/C;;L3/C;L3/C;L3/C;;L3/C;
"""-L2/B"" ";-L2/B;-L2/B;-L2/B;;-L2/B;-L2/B;-L2/B;;-L2/B;
"""-L3/C""";-L3/C;-L3/C;-L3/C;;-L3/C;-L3/C;-L3/C;;-L3/C;
"""-L1/A""";-L1/A;-L1/A;-L1/A;;-L1/A;-L1/A;-L1/A;;-L1/A;
"""Line-Line""";Line-Line;Leitung-Leitung;Fase-Fase;;Fase-Fase;Phase-Phase;Fase-Fase;;Fase-Fase;
"""Pickup =""";Pickup =;;;;;;;;;
"""%""";%;;;;;;;;;
"""Value =""";Value = (Pickup Value of reverse power in KW);;;;;;;;;
"""kW""";kW;;;;;;;;;
"""Time =""";Time =;;;;;;;;;
"""Sec""";Sec;;;;;;;;;
"""Prot. Settings""";Protection Settings;;;;;;;;;
"""Unit Settings""";Unit Settings;;;;;;;;;
"""Protection Settings""";Protection Settings;;;;;;;;;
"""Unit Settings""";Unit Settings;;;;;;;;;
"""Min Voltage(V)""";Min Voltage(V);Min. Spg.(V);Tensión Mín(V);;Tens?o Mín(V);Min. Spannung(V);Tensión Mín(V);;Tens?o Mín(V);
"""Main Menu""";Main Menu;Hauptmenü;Menú Principal;;Menu Principal;Hauptmenü;Menú Principal;;Menu Principal;
"""L1/A""";L1/A;L1/A;L1/A;;L1/A;L1/A;L1/A;;L1/A;
"""L2/B"" ";L2/B;L2/B;L2/B;;L2/B;L2/B;L2/B;;L2/B;
"""L3/C""";L3/C;L3/C;L3/C;;L3/C;L3/C;L3/C;;L3/C;
"""-N""";-N;-N;-N;;-N;-N;-N;;-N;
"""-N""";-N;-N;-N;;-N;-N;-N;;-N;
"""-N""";-N;-N;-N;;-N;-N;-N;;-N;
"""Line-Neutral"" ";Line-Neutral;Leitung-Neutral;Fase-Neutro;;Fase-Neutro;Phase-Neutral;Fase-Neutro;;Fase-Neutro;
"""Under Voltage""";Under Voltage;;;;;;;;;
"""Voltage Unbalanced""";Voltage Unbalanced;;;;;;;;;
"""Current Unbalanced""";Current Unbalanced;;;;;;;;;
"""Min Voltage(V)""";Min Voltage(V);Min. Spg.(V);Tensión Mín(V);;Tens?o Mín(V);Min. Spannung(V);Tensión Mín(V);;Tens?o Mín(V);
"""Main Menu""";Main Menu;Hauptmenü;Menú Principal;;Menu Principal;Hauptmenü;Menú Principal;;Menu Principal;
"""L1/A""";L1/A;L1/A;L1/A;;L1/A;L1/A;L1/A;;L1/A;
"""L2/B"" ";L2/B;L2/B;L2/B;;L2/B;L2/B;L2/B;;L2/B;
"""L3/C""";L3/C;L3/C;L3/C;;L3/C;L3/C;L3/C;;L3/C;
"""-L2/B"" ";-L2/B;-L2/B;-L2/B;;-L2/B;-L2/B;-L2/B;;-L2/B;
"""-L3/C""";-L3/C;-L3/C;-L3/C;;-L3/C;-L3/C;-L3/C;;-L3/C;
"""-L1/A""";-L1/A;-L1/A;-L1/A;;-L1/A;-L1/A;-L1/A;;-L1/A;
"""Line-Line""";Line-Line;Leitung-Leitung;Fase-Fase;;Fase-Fase;Phase-Phase;Fase-Fase;;Fase-Fase;
"""Reverse Power""";Reverse Power;;;;;;;;;
"""Phase Loss""";Phase Loss;;;;;;;;;
"""Pickup =""";Pickup =;;;;;;;;;
"""V""";(Voltage);;;;;;;;;
"""Over Voltage""";Over Voltage;;;;;;;;;
"""Voltage THD(%)"" ";Voltage THD(%);Spannung THD(%);THD tensión;;THD tens?o(%);Spannung THD(%);THD tensión(%);;THD tens?o(%);
"""Main Menu""";Main Menu;Hauptmenü;Menú Principal;;Menu Principal;Hauptmenü;Menú Principal;;Menu Principal;
"""L1/A""";L1/A;L1/A;L1/A;;L1/A;L1/A;L1/A;;L1/A;
"""L2/B"" ";L2/B;L2/B;L2/B;;L2/B;L2/B;L2/B;;L2/B;
"""L3/C""";L3/C;L3/C;L3/C;;L3/C;L3/C;L3/C;;L3/C;
"""-N""";-N;-N;-N;;-N;-N;-N;;-N;
"""-N""";-N;-N;-N;;-N;-N;-N;;-N;
"""-N""";-N;-N;-N;;-N;-N;-N;;-N;
"""Line-Neutral"" ";Line-Neutral;Leitung-Neutral;Fase-Neutro;;Fase-Neutro;Phase-Neutral;Fase-Neutro;;Fase-Neutro;
"""Thermal Memory""";Thermal Memory;;;;;;;;;
"""Thermal Memory""";Thermal Memory;;;;;;;;;
"""Th. M. LD =   ON""";Thermal Memory Long Delay = ON;;;;;;;;;
"""Th. M. LD =  OFF""";Thermal Memory Long Delay = OFF;;;;;;;;;
"""Th. M. GF =   ON""";Thermal Memory Ground Fault = ON;;;;;;;;;
"""Th. M. GF =  OFF""";Thermal Memory Ground Fault = OFF;;;;;;;;;
"""Voltage THD(%)"" ";Voltage THD(%);Spannung THD(%);THD tensión;;THD tens?o(%);Spannung THD(%);THD tensión(%);;THD tens?o(%);
"""Main Menu""";Main Menu;Hauptmenü;Menú Principal;;Menu Principal;Hauptmenü;Menú Principal;;Menu Principal;
"""L1/A""";L1/A;L1/A;L1/A;;L1/A;L1/A;L1/A;;L1/A;
"""L2/B"" ";L2/B;L2/B;L2/B;;L2/B;L2/B;L2/B;;L2/B;
"""L3/C""";L3/C;L3/C;L3/C;;L3/C;L3/C;L3/C;;L3/C;
"""-L2/B"" ";-L2/B;-L2/B;-L2/B;;-L2/B;-L2/B;-L2/B;;-L2/B;
"""-L3/C""";-L3/C;-L3/C;-L3/C;;-L3/C;-L3/C;-L3/C;;-L3/C;
"""-L1/A""";-L1/A;-L1/A;-L1/A;;-L1/A;-L1/A;-L1/A;;-L1/A;
"""Line-Line""";Line-Line;Leitung-Leitung;Fase-Fase;;Fase-Fase;Phase-Phase;Fase-Fase;;Fase-Fase;
"""Therm. Al =     %""";Thermal Memory Alarm;;;;;;;;;
"""Power Setup""";Power Setup;;;;;;;;;
"""Power Setup""";Power Setup;;;;;;;;;
"""System Voltage""";System Voltage;;;;;;;;;
"""Power""";Power;Leistung;Potencia;;Pot?ncia;Leistung;Potencia;;Pot?ncia;
"""Main Menu""";Main Menu;Hauptmenü;Menú Principal;;Menu Principal;Hauptmenü;Menú Principal;;Menu Principal;
"""Real"" ";Real;Wirkleistung;Activa;;Ativa;Wirkleistung;Activa;;Ativa;
"""kW""";kW;kW;kW;;kW;kW;kW;;kW;
"""Reactive""";Reactive;Blindleistung;Reactiva;;Reativa;Blindleistung;Reactiva;;Reativa;
"""kvar""";kvar;kvar;kvar;;kvar;kvar;kvar;;kvar;
"""Apparent""";Apparent;Scheinleistung;Aparente;;Aparente;Scheinleistung;Aparente;;Aparente;
"""kVA""";kVA;kVA;kVA;;kVA;kVA;kVA;;kVA;
"""Power Factor""";Power Factor;Leistungsfaktor;Factor de potencia;;Fator de pot?ncia;Leistungsfaktor;Factor potencia;;Fator pot?ncia;
"""   """;   ;   ;   ;;   ;   ;   ;;   ;
"""Power Factor Max""";Power Factor Max;;;;;;;;;
"""   """;;;;;;;;;;
"""Power Factor Min""";Power Factor Min;;;;;;;;;
"""   """;;;;;;;;;;
"""Energy""";Energy;Energie;Energía;;Energia;Energie;Energía;;Energia;
"""Main Menu""";Main Menu;Hauptmenü;Menú Principal;;Menu Principal;Hauptmenü;Menú Principal;;Menu Principal;
"""Forward Active""";Forward Active;Vorwärts-Wirkleistung;Activa directa;;Ativa direta;Wirkl. Vorwärts;Activa directa;;Ativa direta;
"""kWh""";kWh;kWh;kWh;;kWh;kWh;kWh;;kWh;
"""Reverse Active""";Reverse Active;Rückwärts-Wirkleistung;Activa inversa;;Ativa reversa;Wirkl. Rückwärts;Activa inversa;;Ativa reversa;
"""kWh""";kWh;kWh;kWh;;kWh;kWh;kWh;;kWh;
"""Net Active""";Net Active;Netto-Wirkleistung;Activa neta;;Balanço ativa;Wirkl. Netto;Activa neta;;Balanço ativa;
"""kWh""";kWh;kWh;kWh;;kWh;kWh;kWh;;kWh;
"""Total Active """;Total Active;Gesamtwirkleistung;Activa total;;Total ativa;Wirkl. Gesamt ;Activa total;;Total ativa;
"""kWh""";kWh;kWh;kWh;;kWh;kWh;kWh;;kWh;
"""Leading Reactive""";Leading Reactive;führende Blindleistung;Reactiva adelantada;;Reativa capacitivo;Blindl.induktiv;Reactiva cap.;;Reativa cap.;
"""kvarh""";kvarh;kvarh;kvarh;;kvarh;kvarh;kvarh;;kvarh;
"""Lagging Reactive""";Lagging Reactive;nachlaufende Blindleistung;Reactiva atrasada;;Reativa indutivo;Blindl.kapazitiv;Reactiva ind.;;Reativa indutivo;
"""kvarh""";kvarh;kvarh;kvarh;;kvarh;kvarh;kvarh;;kvarh;
"""Net Reactive"" ";Net Reactive;Netto-Blindleistung;Reactiva neta;;Balanco reativa;Blindl. Netto;Reactiva neta;;Balanço reativa;
"""kvarh""";kvarh;kvarh;kvarh;;kvarh;kvarh;kvarh;;kvarh;
"""Total Reactive """;Total Reactive;Gesamtblindleistung;Reactiva total;;Total reativa;Blindl. Gesamt;Reactiva total;;Total reativa;
"""kvarh""";kvarh;kvarh;kvarh;;kvarh;kvarh;kvarh;;kvarh;
"""Apparent""";Apparent;Scheinleistung;Aparente;;Aparente;Scheinleistung;Aparente;;Aparente;
"""kVAh""";kVAh;kVAh;kVAh;;kVAh;kVAh;kVAh;;kVAh;
"""  """;;;;;;;;;;
"""  """;;;;;;;;;;
"""PWR Feed = FWD""";Power Feed = Forward;;;;;;;;;
"""PWR Feed = RVS""";Power Feed = Reverse;;;;;;;;;
"""PF Sign =     IEC""";Power Factor Sign = IEC;;;;;;;;;
"""PF Sign =    IEEE""";Power Factor Sign = IEEE;;;;;;;;;
"""PF Sign = IEEEalt""";Power Factor Sign = IEEEalt;;;;;;;;;
"""I Demand =   Fix""";Current Demand window = Fixed;  ;  ;;  ;  ;  ;;  ;
"""I Demand = Slide""";Current Demand window = Sliding;;;;;;;;;
"""I Demand =""";Current Demand = ;;;;;;;;;
"""Min""";Min;  ;  ;;  ;  ;  ;;  ;
"""Power Demand""";Power Demand;Leistungsbedarf;Demanda de potencia;;Demanda de pot?ncia;Leistungsbedarf;Demanda potencia;;Demanda;
"""Main Menu""";Main Menu;Hauptmenü;Menú Principal;;Menu Principal;Hauptmenü;Menú Principal;;Menu Principal;
"""Real"" ";Real;Wirkleistung;Activa;;Ativa;Wirkleistung;Activa;;Ativa;
"""kW""";kW;kW;kW;;kW;kW;kW;;kW;
"""Reactive""";Reactive;Blindleistung;Reactiva;;Reativa;Blindleistung;Reactiva;;Reativa;
"""kvar""";kvar;kvar;kvar;;kvar;kvar;kvar;;kvar;
"""Apparent""";Apparent;Scheinleistung;Aparente;;Aparente;Scheinleistung;Aparente;;Aparente;
"""kVA""";kVA;kVA;kVA;;kVA;kVA;kVA;;kVA;
"""  """;;;;;;;;;;
"""  """;;;;;;;;;;
"""Brk. Health Alarm""";Breaker Health Alarm;;;;;;;;;
"""Neutral Sensor""";Neutral Sensor;;;;;;;;;
"""Rogowski""";Rogowski;  ;  ;;  ;  ;  ;;  ;
"""CT""";Current Transformator;  ;  ;;  ;  ;  ;;  ;
"""Peak Demand"" ";Peak Demand;Spitzenbedarf;Pico de demanda;;Pico de demanda;Spitzenbedarf;Pico de demanda;;Pico de demanda;
"""Main Menu""";Main Menu;Hauptmenü;Menú Principal;;Menu Principal;Hauptmenü;Menú Principal;;Menu Principal;
"""Real Peak""";Real Peak;Wirkl. Spitze;Pico activa;;Pico ativa;Wirkl. Spitze;Pico activa;;Pico ativa;
"""kW""";kW;kW;kW;;kW;kW;Kw;;kW;
"""Reactive Peak""";Reactive Peak;Blindl. Spitze;Pico reactiva;;Pico reativa;Blindl. Spitze;Pico reactiva;;Pico reativa;
"""kvar""";kvar;kvar;kvar;;kvar;kvar;kvar;;kvar;
"""Apparent Peak""";Apparent Peak;Scheinl. Spitze;Pico aparente;;Pico aparente;Scheinl. Spitze;Pico aparente;;Pico aparente;
"""kVA""";kVA;kVA;kVA;;kVA;kVA;kVA;;kVA;
"""  """;  ;  ;  ;;  ;  ;  ;;  ;
"""  """;  ;  ;  ;;  ;  ;  ;;  ;
"""Test""";Test;Test;Testear;;Teste;Test;Testear;;Teste;
"""Main Menu""";Main Menu;Hauptmenü;Menú Principal;;Menu Principal;Hauptmenü;Menú Principal;;Menu Principal;
"""Local""";Local;Lokal;Local;;Local;Lokal;Local;;Local;
"""Remote""";Remote;Fern;Remoto;;Remoto;Fern;Remoto;;Remoto;
"""  """;  ;  ;  ;;  ;  ;  ;;  ;
"""  """;  ;  ;  ;;  ;  ;  ;;  ;
"""  """;  ;  ;  ;;  ;  ;  ;;  ;
"""Open Breaker?""";Open Breaker;Öffene Leistungsschalter?;Abrir disyuntor?;;Abrir disjuntor?;Schalter öffnen?;Abrir disyuntor?;;Abrir disjuntor?;
"""Y""";Y;Ja;Sí;;Sim;Ja;Sí;;Sim;
"""N""";N;Nein;No ;;N?o;Nein;No ;;N?o;
"""Test""";Test;Test;Testear;;Teste;Test;Testear;;Teste;
"""Test Menu""";Test Menu;Test Menü;Testear;;Menu de Teste;Test Menü;Testear;;Menu de Teste;
"""Trip Time""";Trip Time;Ansprechzeit;Tiempo de apertura;;Tempo de interrupç?o;Ansprechzeit;Tiempo apertura;;Tempo interrup.;
"""s""";s;s;s;;s;s;s;;s;
"""Trip Current""";Trip Current;Ansprechstrom;Corriente de disparo;;Corrente de interrupç?o;Ansprechstrom;Corr. disparo;;Corr. interrup.;
"""A""";A;A;A;;A;A;A;;A;
"""  """;  ;  ;  ;;  ;  ;  ;;  ;
"""Test Menu""";Test Menu;Test Menü;Testear;;Menu de Teste;Test Menü;Testear;;Menu de Teste;
"""""";;;;;;;;;;
"""RMS > 5%In"" ";"""RMS > 5%In"" ";RMS > 5%In;RMS > 5%In;;RMS > 5%In;RMS > 5%In;RMS > 5%In;;RMS > 5%In;
"""Opening is""";Opening is ;Öffnen nicht;Apertura ;;Abertura ;Öffnen ist nicht;Apertura ;;Abertura ;
"""not allowed!""";not allowed!;erlaubt!;no permitida!;;n?o permitida!;erlaubt!;no permitida!;;n?o permitida!;
"""Test Menu""";Test Menu;Test Menü;Testear;;Menu de Teste;Test Menü;Testear;;Menu de Teste;
"""""";;;;;;;;;;
"""Breaker is opening""";Breaker is opening;Sicherung am öffnen;Disyuntor se;;Disjuntor;Schalter öffnet;Disyuntor se;;Disjuntor;
""" """; ; ;está abriendo;;se abrindo; ;está abriendo;;se abrindo;
"""Settings""";Settings;Einstellungen;Configuraciones;;Configuraç?es;Einstellungen;Configuraciones;;Configuraç?es;
"""Language""";Language;Sprache;Idioma;;Idioma;Sprache;Idioma;;Idioma;
"""English""";English;English;English;;English;English;English;;English;
"""Chinese""";;;;;;;;;;
"""Deutsch""";Deutsch;Deutsch;Deutsch;;Deutsch;Deutsch;Deutsch;;Deutsch;
"""Espa?ol""";Espa?ol;Espa?ol;Espa?ol;;Espa?ol;Espa?ol;Espa?ol;;Espa?ol;
"""Portugu?s""";Portugu?s;Portugu?s;Portugu?s;;Portugu?s;Portugu?s;Portugu?s;;Portugu?s;
"""Edit Password"" ";Edit Password;Passwort ändern;Editar contrase?a;;Modificar senha;Passwort ändern;Edit. contrase?a;;Modificar senha;
"""Neutral""";Neutral;Neutral;Neutro;;Neutro;Neutral;Neutro;;Neutro;
"""N=0%""";N=0%;N=0%;N=0%;;N=0%;N=0%;N=0%;;N=0%;
"""N=60%""";N=60%;N=60%;N=60%;;N=60%;N=60%;N=60%;;N=60%;
"""N=100%""";N=100%;N=100%;N=100%;;N=100%;N=100%;N=100%;;N=100%;
"""ZSI""";ZSI;ZSI;ZSI;;ZSI;ZSI;ZSI;;ZSI;
"""Communication""";Communication;Kommunikation;Comunicación;;Comunicaç?o;Kommunikation;Comunicación;;Comunicaç?o;
"""Slope =      I0.5t""";Slope =      I0.5t;;;;;;;;;
"""Slope =         It""";Slope =         It;;;;;;;;;
"""Slope =        I2t""";Slope =        I2t;;;;;;;;;
"""Slope =        I4t""";Slope =        I4t;;;;;;;;;
"""Maintenance Mode""";Maintenance Mode;Wartungs Modus;Modo de mantenimiento;;Modo Manutenç?o;Wartungs-Modus;Modo Mantenim.;;Modo Manutenç?o;
"""R5=2.5xIn"" ";R5=2.5xIn;R5=2.5xIn;R5=2.5xIn;;R5=2.5xIn;R5=2.5xIn;R5=2.5xIn;;R5=2.5xIn;
"""R5=4.0xIn"" ";R5=4.0xIn;R5=4.0xIn;R5=4.0xIn;;R5=4.0xIn;R5=4.0xIn;R5=4.0xIn;;R5=4.0xIn;
"""R5=6.0xIn"" ";R5=6.0xIn;R5=6.0xIn;R5=6.0xIn;;R5=6.0xIn;R5=6.0xIn;R5=6.0xIn;;R5=6.0xIn;
"""R5=8.0xIn"" ";R5=8.0xIn;R5=8.0xIn;R5=8.0xIn;;R5=8.0xIn;R5=8.0xIn;R5=8.0xIn;;R5=8.0xIn;
"""R5=10.0xIn"" ";R5=10.0xIn;R5=10.0xIn;R5=10.0xIn;;R5=10.0xIn;R5=10.0xIn;R5=10.0xIn;;R5=10.0xIn;
"""Set Time""";Set Time;Zeit einstellen;Ajustar hora;;Ajustar Hora;Zeit einstellen;Ajustar hora;;Ajustar hora;
"""GF =     Residual""";Ground Fault = Residual;;;;;;;;;
"""GF = Source/ZSeq""";Ground Fault =Source/Zero Sequence;;;;;;;;;
"""R5=1000A""";R5=1000A;R5=1000A;R5=1000A;;R5=1000A;R5=1000A;R5=1000A;;R5=1000A;
"""R4=2000A""";R4=2000A;R4=2000A;R4=2000A;;R4=2000A;R4=2000A;R4=2000A;;R4=2000A;
"""R3=3000A""";R3=3000A;R3=3000A;R3=3000A;;R3=3000A;R3=3000A;R3=3000A;;R3=3000A;
"""R2=4000A""";R2=4000A;R2=4000A;R2=4000A;;R2=4000A;R2=4000A;R2=4000A;;R2=4000A;
"""R1=5000A""";R1=5000A;R1=5000A;R1=5000A;;R1=5000A;R1=5000A;R1=5000A;;R1=5000A;
"""R5=4000A""";R5=4000A;R5=4000A;R5=4000A;;R5=4000A;R5=4000A;R5=4000A;;R5=4000A;
"""R4=8000A""";R4=8000A;R4=8000A;R4=8000A;;R4=8000A;R4=8000A;R4=8000A;;R4=8000A;
"""R3=12000A""";R3=12000A;R3=12000A;R3=12000A;;R3=12000A;R3=12000A;R3=12000A;;R3=12000A;
"""R2=16000A""";R2=16000A;R2=16000A;R2=16000A;;R2=16000A;R2=16000A;R2=16000A;;R2=16000A;
"""R1=20000A""";R1=20000A;R1=20000A;R1=20000A;;R1=20000A;R1=20000A;R1=20000A;;R1=20000A;
"""Prot. Settings""";Prot. Settings;Schutzeinstellungen;Selectores;;Configuraç?o dos seletores;Auslöser einst.;Selectores;;Seletores;
"""Set Time""";Set Time;Zeit einstellen;Ajustar hora;;Ajustar hora;Zeit einstellen;Ajustar hora;;Ajustar hora;
"""Save Time? """;Save Time?;Zeit speichern?;Guardar hora?;;Salvar hora?;Zeit speichern?;Guardar hora?;;Salvar hora?;
"""Relay Config."" ";Relay Configuration;Relaiskonfiguration;Configuración de los relés;;Configuraç?o dos relés;Relaiskonfig.;Config. relés;;Config. relés;
"""""";;;;;;;;;;
"""Long Delay""";Long Delay;;;;;;;;;
"""Short Delay""";Short Delay;;;;;;;;;
"""Instantaneous""";Instantaneous;;;;;;;;;
"""Ground Fault""";Ground Fault;;;;;;;;;
"""OFF""";OFF;AUS;Desactivado(a);;Desligado(a);AUS;Desactivado(a);;Desligado(a);
"""ON""";ON;EIN;Activado(a);;Ligado(a);EIN;Activado(a);;Ligado(a);
"""Y""";Y;Ja;Sí;;Sim;Ja;Sí;;Sim;
"""N""";N;Nein;No ;;N?o;Nein;No ;;N?o;
"""Y""";Y;Ja;Sí;;Sim;Ja;Sí;;Sim;
"""N""";N;Nein;No ;;N?o;Nein;No ;;N?o;
"""Disable""";Disable;Ausschalten;Inhabilitar;;Desabilitar;Ausschalten;Inhabilitar;;Desabilitar;
"""Enable""";Enable;Einschalten;Habilitar;;Habilitar;Einschalten;Habilitar;;Habilitar;
"""Main Menu""";Main Menu;Hauptmenü;Menú Principal;;Menu Principal;Hauptmenü;Menú Principal;;Menu Principal;
"""Comm. Menu""";Comm. Menu;Komm. Menü;Menú de comunicación;;Menu de comunicaç?o;Komm. Menü;Menú de comunic.;;Menu de comunic.;
"""Setting Menu""";Setting Menu;Einstellungsmenü;Menu de configuración;;Menu de configuraç?o;Einstellungsmenü;Menú de config.;;Menu de config.;
"""Retry""";Retry;Wiederholen;Intentar otra vez;;Tentar novamente;Wiederholen;Intent. otra vez;;Tentar novamente;
"""Test Menu""";Test Menu;Test Menü;Testear;;Menu de Teste;Test Menü;Testear;;Menu de Teste;
"""Reset Max/Min""";Reset Max/Min;Max/Min Zurücksetzen;Limpiar Máx/Mín;;Zerar Máx/Mín;Max/Min Zurücks.;Limpiar Máx/Mín;;Zerar Máx/Mín;
"""Main Menu""";Main Menu;Hauptmenü;Menú Principal;;Menu Principal;Hauptmenü;Menú Principal;;Menu Principal;
"""Current""";Current;Strom;Corriente;;Corrente;Strom;Corriente;;Corrente;
"""L-N Voltage""";L-N Voltage;L-N Spannung;Tensión de fase;;Tens?o de fase;L-N Spannung;Tensión de fase;;Tens?o de fase;
"""L-L Voltage""";L-L Voltage;L-L Spannung;Tensión de linea;;Tens?o de linha;L-L Spannung;Tensión de linea;;Tens?o de linha;
"""Peak Demand"" ";Peak Demand;Spitzen Bedarf;Pico de demanda;;Pico de demanda;Spitzen Bedarf;Pico de demanda;;Pico de demanda;
"""All Max/Min""";All Max/Min;Alle Max/Min;Todos los Máx/Mín;;Todos Máx/Mín;Alle Max/Min;Todos Máx/Mín;;Todos Máx/Mín;
"""Reset Diag.""";Reset Diag.;Diag. Zurücksetzen;Limpiar diagnósticos;;Zerar Diagnósticos;Diag. Zurücks.;Limpiar diag.;;Zerar diag.;
"""Setting Menu""";Setting Menu;Einstellungsmenü;Menu de configuración;;Menu de configuraç?o;Einstellungsmenü;Menu de config.;;Menu de config.;
"""Trips""";Trips;Auslösungen;Aperturas (disparos);;Interrupç?es;Auslösungen;Disparos;;Interrupç?es;
"""Operations""";Operations;Schaltspiele;Operaciones;;Operaç?es;Schaltspiele;Operaciones;;Operaç?es;
"""Temperature""";Temperature;Temperatur;Temperatura;;Temperatura;Temperatur;Temperatura;;Temperatura;
"""Runtime""";Runtime;Laufzeitumgebung;Tiempo de ejecución;;Tempo de execuç?o;Laufzeit;Tiempo ejecución;;Tempo execuç?o;
"""All Diagnostics""";All Diagnostics;Alle Diagnosen;Todos los diagnósticos;;Todos diagnósticos;Alle Diagnosen;Todos diag.;;Todos diag.;
"""Reset Energy""";Reset Energy;Energie Zurücksetzen;Limpiar Energía;;Zerar Energia;Energie Zurücks.;Limpiar Energía;;Zerar Energia;
"""Energy""";Energy;Energie;Energía;;Energia;Energie;Energía;;Energia;
"""Communication""";Communication;Kommunikation;Comunicación;;Comunicaç?o;Kommunikation;Comunicación;;Comunicaç?o;
"""Modbus Port""";Modbus Port;Modbus Eingang;Puerto Modbus;;Modbus porta;Modbus Eingang;Puerto Modbus;;Modbus porta;
"""Modbus CAM""";Modbus CAM;Modbus CAM;CAM Modbus;;CAM Modbus;Modbus CAM;CAM Modbus;;CAM Modbus;
"""INCOM CAM""";INCOM CAM;INCOM CAM;CAM INCOM;;CAM INCOM;INCOM CAM;CAM INCOM;;CAM INCOM;
"""Ethernet CAM""";Ethernet CAM;Ethernet CAM;CAM Ethernet;;CAM Ethernet;Ethernet CAM;CAM Ethernet;;CAM Ethernet;
"""Profibus CAM""";Profibus CAM;Profibus CAM;CAM Profibus;;CAM Profibus;Profibus CAM;CAM Profibus;;CAM Profibus;
"""No CAMs""";No CAMs;keine CAMs;Sin CAMs;;Nenhum CAM;keine CAMs;Sin CAMs;;Nenhum CAM;
"""Address  """;Address;Adresse;Dirección;;Endereço;Adresse;Dirección;;Endereço;
"""Baudrate """;Baudrate;Baudrate;Baudrate;;Baudrate;Baudrate;Baudrate;;Baudrate;
"""1200 bps""";1200 bps;1200 bps;1200 bps;;1200 bps;1200 bps;1200 bps;;1200 bps;
"""4800 bps""";4800 bps;4800 bps;4800 bps;;4800 bps;4800 bps;4800 bps;;4800 bps;
"""9600 bps""";9600 bps;9600 bps;9600 bps;;9600 bps;9600 bps;9600 bps;;9600 bps;
"""19200 bps""";19200 bps;19200 bps;19200 bps;;19200 bps;19200 bps;19200 bps;;19200 bps;
"""Parity  """;Parity;Parität;Paridad;;Paridade;Parität;Paridad;;Paridade;
"""None""";None;Keine;Ninguna;;Sem paridade;Keine;Ninguna;;Sem paridade;
"""Odd""";Odd;Ungleich;Impar;;Ímpar;Ungleich;Impar;;Ímpar;
"""Even""";Even ;Gleich;Par;;Par ;Gleich;Par;;Par ;
"""Stop Bit """;Stop bit;Stopp Bit;Bit de parada;;Bit de parada;Stopp Bit;Bit de parada;;Bit de parada;
"""1 bit""";1 bit;1 bit;1 bit;;1 bit;1 bit;1 bit;;1 bit;
"""2 bit""";2 bit;2 bit;2 bit;;2 bit;2 bit;2 bit;;2 bit;
"""DHCP Enable""";DHCP Enable;DHCP aktivier.;Habilitar DHCP;;Habilitar DHCP;DHCP aktivieren;Habilitar DHCP;;Habilitar DHCP;
"""False""";False;FALSCH;FALSO;;Falso;FALSCH;Falso;;Falso;
"""True"" ";True;WAHR;VERDADERO;;Verdadeiro;WAHR;Verdadero;;Verdadeiro;
"""IP Address""";IP Address;IP Adresse;Dirección IP;;Endereço IP;IP Adresse;Dirección IP;;Endereço IP;
"""Subnet Mask""";Subnet Mask;Subnet Maske;Máscara de subred;;Máscara de sub-rede;Subnet Maske;Máscara subred;;Máscara sub-rede;
"""Default Gateway""";Default Gateway;Standard Gateway;Gateway por defecto;;Gateway padr?o;Standard Gateway;Gateway predet.;;Gateway padr?o;
"""Reset Pin""";Reset Pin;Pin zurücksetzten;Pin de reset;;Pin de reset;Pin zurücks.;Pin de reset;;Pin de reset;
"""   .   .   .   """;   .   .   .   ;   .   .   .   ;   .   .   .   ;;   .   .   .   ;   .   .   .   ;   .   .   .   ;;   .   .   .   ;
"""Modbus Port""";Modbus Port;Modbus Eingang;Puerto Modbus;;Modbus porta;Modbus Eingang;Puerto Modbus;;Modbus porta;
"""Modbus CAM""";Modbus CAM;Modbus CAM;CAM Modbus;;CAM Modbus;Modbus CAM;CAM Modbus;;CAM Modbus;
"""Ethernet CAM""";Ethernet CAM;Ethernet CAM;CAM Ethernet;;CAM Ethernet;Ethernet CAM;CAM Ethernet;;CAM Ethernet;
"""Profibus CAM""";Profibus CAM;Profibus CAM;CAM Profibus;;CAM Profibus;Profibus CAM;CAM Profibus;;CAM Profibus;
"""INCOM CAM""";INCOM CAM;INCOM CAM;CAM INCOM;;CAM INCOM;INCOM CAM;CAM INCOM;;CAM INCOM;
"""Harmonics(V)""";Harmonics;;;;;;;;;
"""Main Menu""";Main Menu;;;;;;;;;
"""L1/A""";L1/A;;;;;;;;;
"""-L2/B""";-L2/B;;;;;;;;;
"""L2/B""";L2/B;;;;;;;;;
"""-L3/C""";-L3/C;;;;;;;;;
"""L3/C""";L3/C;;;;;;;;;
"""-L1/A""";-L1/A;;;;;;;;;
"""L1/A""";L1/A;;;;;;;;;
"""-N""";-N;;;;;;;;;
"""L2/B""";L2/B;;;;;;;;;
"""-N""";-N;;;;;;;;;
"""L3/C""";L3/C;;;;;;;;;
"""-N""";-N;;;;;;;;;
"""Line - Line""";Line - Line;;;;;;;;;
"""Line - Neutral""";Line - Neutral;;;;;;;;;
"""L1/A Harmonics""";L1/A Harmonics;;;;;;;;;
"""L2/B Harmonics""";L2/B Harmonics;;;;;;;;;
"""L3/C Harmonics""";L3/C Harmonics;;;;;;;;;
"""L1/A-N Harmonics""";L1/A-N Harmonics;;;;;;;;;
"""L2/B-N Harmonics""";L2/B-N Harmonics;;;;;;;;;
"""L3/C-N Harmonics""";L3/C-N Harmonics;;;;;;;;;
"""Harmonics(V)""";Harmonics(V);;;;;;;;;
"""Frequency(Hz)""";Frequency(Hz);;;;;;;;;
"""Harmonics(I)""";Harmonics(I);;;;;;;;;
"""Harmonics(V)""";Harmonics(V);;;;;;;;;
"""Crest Factor(A)""";Crest Factor(A);;;;;;;;;
"""Current Dmd(A)""";Current Demand;;;;;;;;;
"""Max Dmd.(A)""";Current Demand Max;;;;;;;;;
"""Min Dmd.(A)""";Current Demand Min;;;;;;;;;
"""Diagnostics""";Diagnostics;Diagnose;Diagnóstico;;Diagnóstico;Diagnose;Diagnóstico;;Diagnóstico;
"""Main Menu""";Main Menu;Hauptmenü;Menú Principal;;Menu Principal;Hauptmenü;Menú Principal;;Menu Principal;
"""Summary""";Summary;Überblick;Resumen;;Resumo;Überblick;Resumen;;Resumo;
"""Short Circuit""";Short Circuit;Kurzschluss;Cortocircuito;;Curto circuito;Kurzschluss;Cortocircuito;;Curto circuito;
"""Overload"" ";Overload;Überladung;Sobrecarga ;;Sobrecarga;Überlast;Sobrecarga ;;Sobrecarga;
"""Operations""";Operations;Schaltspiele;Operaciones;;Operaç?es;Schaltspiele;Operaciones;;Operaç?es;
"""Temperature""";Temperature;Temperatur;Temperatura;;Temperatura;Temperatur;Temperatura;;Temperatura;
"""Runtime""";Runtime;Laufzeitumgebung;Tiempo de ejecución;;Tempo de execuç?o;Laufzeit;Tiempo ejecución;;Tempo execuç?o;
"""  """;  ;  ;  ;;  ;  ;  ;;  ;
"""  """;  ;  ;  ;;  ;  ;  ;;  ;
"""  """;  ;  ;  ;;  ;  ;  ;;  ;
"""  """;  ;  ;  ;;  ;  ;  ;;  ;
"""Health Summary""";Health Summary;Schalter Zust.;Salud del disyuntor;;Saúde do disjuntor;Schalter Zust.;Salud disyuntor;;Saúde disjuntor;
"""Diagnostics""";Diagnostics;Diagnose;Diagnóstico;;Diagnóstico;Diagnose;Diagnóstico;;Diagnóstico;
"""OK""";OK;OK;OK;;OK;OK;OK;;OK;
"""SERVICE""";SERVICE;INSPEKTION;Servicio;;SERVIÇO;WARTUNG;SERVICIO;;SERVIÇO;
"""RECOMM.""";RECOMM(recommended);ERFORDERLICH;Recomendado;;RECOMENDADO;EMPFOHLEN;RECOMENDADO;;RECOMENDADO;
"""Short Circuit""";Short Circuit;Kurzschluss;Cortocircuito;;Curto circuito;Kurzschluss;Cortocircuito;;Curto circuito;
"""Diagnostics""";Diagnostics;Diagnose;Diagnóstico;;Diagnóstico;Diagnose;Diagnóstico;;Diagnóstico;
"""Short Delay""";Short Delay;verz.Kurzschl.;Retraso Corto;;Atraso curto;verz.Kurzschl.;Retraso corto;;Atraso curto;
"""Inst.""";Inst.;Kurzschluss;Disparo instantáneo;;Interrupç?o Instantânea;unverz.Kurzschl.;Disparo inst.;;Interrup. Instâ.;
"""High Cur.""";High Cur.;Überstr.;Alta corriente;;Alta corrente;Überstrom;Alta corriente;;Alta corrente;
"""Total""";Total;Total;Total;;Total;Total;Total;;Total;
"""  """;;;;;;;;;;
"""SG Sensor""";Source Ground Sensor;  ;  ;;  ;  ;  ;;  ;
"""Overload"" ";Overload;Überlast;Sobrecarga ;;Sobrecarga;Überlast;Sobrecarga ;;Sobrecarga;
"""Diagnostics""";Diagnostics;Diagnose;Diagnóstico;;Diagnóstico;Diagnose;Diagnóstico;;Diagnóstico;
"""Phase""";Total;Phase;Fase;;Fase;Phase;Fase;;Fase;
"""Ground""";Ground;Erde;Tierra;;Fuga a Terra;Erde;Tierra;;Fuga a Terra;
"""   """;   ;   ;   ;;   ;   ;   ;;   ;
"""Total""";Total;Total;Total;;Total;Total;Total;;Total;
"""  """;;;;;;;;;;
"""Operations""";Operations;Schaltspiele;Operaciones;;Operaç?es;Schaltspiele;Operaciones;;Operaç?es;
"""Diagnostics""";Diagnostics;Diagnose;Diagnóstico;;Diagnóstico;Diagnose;Diagnóstico;;Diagnóstico;
"""Trips""";Trips;Auslösungen;Disparos;;Interrupç?es ;Auslösungen;Disparos;;Interrupç?es ;
"""Openings""";Openings;Öffnungen;Aperturas;;Aberturas;Öffnungen;Aperturas;;Aberturas;
"""Tests""";Tests;Tests;Pruebas;;Testes ;Tests;Pruebas;;Testes ;
"""Manual""";Manual;Anleitg.;Manual;;Manual;Bed.anleitung;Manual;;Manual;
"""Total""";Total;Total;Total;;Total;Total;Total;;Total;
"""Date of Last"" ";Date of Last ;Datum letzter;Fecha de última;;Data da última;Datum  letzte;Fecha de última;;Data da última;
"""Operation:""";Operation:;schaltspiel:;operación:;;operaç?o:;Schaltung:;operación:;;operaç?o:;
"""  """;  ;  ;  ;;  ;  ;  ;;  ;
"""  """;  ;  ;  ;;  ;  ;  ;;  ;
"""  """;  ;  ;  ;;  ;  ;  ;;  ;
"""Last Operation""";Last Operation;Letzter schaltspiel;Última operación;;Última operaç?o;Letzte Schaltung;Última operación;;Última operaç?o;
"""Temperature""";Temperature;Temperatur;Temperatura;;Temperatura;Temperatur;Temperatura;;Temperatura;
"""Diagnostics""";Diagnostics;Diagnose;Diagnóstico;;Diagnóstico;Diagnose;Diagnóstico;;Diagnóstico;
"""Device Temp.""";Device Temp.;Gerät Temperatur;Temperatura del dispositivo;;Temperatura do dispositivo;Gerät Temperatur;Temp. actual;;Temp. atual;
"""deg C""";deg C;grad C;grados C;;graus C;Grad C;grados C;;graus C;
"""Max Temp.""";Max Temp.;Max Temp.;Temperatura máxima;;Temperatura máxima;Max Temp.;Temp. máxima;;Temp. máxima;
"""deg C""";deg C;grad C;grados C;;graus C;Grad C;grados C;;graus C;
"""  """;  ;  ;  ;;  ;  ;  ;;  ;
"""Runtime""";Runtime;Laufzeit;Tiempo de ejecución;;Tempo de execuç?o;Laufzeit;Tiempo ejecución;;Tempo execuç?o;
"""Diagnostics""";Diagnostics;Diagnose;Diagnóstico;;Diagnóstico;Diagnose;Diagnóstico;;Diagnóstico;
"""Since Last""";Since Last ;Seit dem letzten;desde reinicio ;;Desde contagem;Seit dem letzten;Desde reinicio ;;Desde contagem;
"""Reset:""";Reset:;zurücksetzen:;de contaje:;;ser reiniciada:;Zurücksetzen:;de contaje:;;ser reiniciada:;
"""Days""";Days;Tage;Días;;Dias;Tage;Días;;Dias;
"""Hours""";Hours;Stunden;Horas;;Horas;Stunden;Horas;;Horas;
"""Minutes""";Minutes;Minuten;Minutos;;Minutos;Minuten;Minutos;;Minutos;
"""Unit Info.""";Unit Info.;Geräte-Info.;Información del dispositivo;;Informacao sobre dispositivo;Geräte-Info.;Dispositivo;;Dispositivo;
"""Main Menu""";Main Menu;Hauptmenü;Menú Principal;;Menu Principal;Hauptmenü;Menú Principal;;Menu Principal;
"""Catalog  #  """;Catalog  #;Katalog #;# catálogo;;# catálogo;Katalog #;# catálogo;;# catálogo;
"""   """;   ;   ;   ;;   ;   ;   ;;   ;
"""Ir             A""";Ir             A;Ir             A;Ir             A;;Ir             A;Ir             A;Ir             A;;Ir             A;
"""   """;   ;   ;   ;;   ;   ;   ;;   ;
"""Firmware1 #""";Firmware1 #;Firmware1 #;Firmware1 #;;Firmware1 #;Firmware1 #;Firmware1 #;;Firmware1 #;
"""   """;   ;   ;   ;;   ;   ;   ;;   ;
"""Firmware2 #""";Firmware2 #;Firmware2 #;Firmware2 #;;Firmware2 #;Firmware2 #;Firmware2 #;;Firmware2 #;
"""FirmwareF #""";Firmware Flash Version #;   ;   ;;   ;   ;   ;;   ;
"""FW MISMATCH""";FW Mismatch;   ;   ;;   ;   ;   ;;   ;
"""QR Code""";QR Code;QR Code;Código QR;;Código QR;QR Code;Código QR;;Código QR;
"""PXR20V000L00C""";PXR20V000L00C;PXR20V000L00C;PXR20V000L00C;;PXR20V000L00C;PXR20V000L00C;PXR20V000L00C;;PXR20V000L00C;
"""PXR20V000L00M""";PXR20V000L00M;PXR20V000L00M;PXR20V000L00M;;PXR20V000L00M;PXR20V000L00M;PXR20V000L00M;;PXR20V000L00M;
"""PXR20V000LG0C""";PXR20V000LG0C;PXR20V000LG0C;PXR20V000LG0C;;PXR20V000LG0C;PXR20V000LG0C;PXR20V000LG0C;;PXR20V000LG0C;
"""PXR20V000LG0M""";PXR20V000LG0M;PXR20V000LG0M;PXR20V000LG0M;;PXR20V000LG0M;PXR20V000LG0M;PXR20V000LG0M;;PXR20V000LG0M;
"""PXR20V000LGAC""";PXR20V000LGAC;PXR20V000LGAC;PXR20V000LGAC;;PXR20V000LGAC;PXR20V000LGAC;PXR20V000LGAC;;PXR20V000LGAC;
"""PXR20V000LGAM""";PXR20V000LGAM;PXR20V000LGAM;PXR20V000LGAM;;PXR20V000LGAM;PXR20V000LGAM;PXR20V000LGAM;;PXR20V000LGAM;
"""PXR25V000L00M""";PXR25V000L00M;PXR25V000L00M;PXR25V000L00M;;PXR25V000L00M;PXR25V000L00M;PXR25V000L00M;;PXR25V000L00M;
"""PXR25V000LG0M""";PXR25V000LG0M;PXR25V000LG0M;PXR25V000LG0M;;PXR25V000LG0M;PXR25V000LG0M;PXR25V000LG0M;;PXR25V000LG0M;
"""PXR25V000L0AM""";PXR25V000L0AM;PXR25V000L0AM;PXR25V000L0AM;;PXR25V000L0AM;PXR25V000L0AM;PXR25V000L0AM;;PXR25V000L0AM;
"""PXR25V000LGAM""";PXR25V000LGAM;PXR25V000LGAM;PXR25V000LGAM;;PXR25V000LGAM;PXR25V000LGAM;PXR25V000LGAM;;PXR25V000LGAM;
"""PXR20V000L0AM""";PXR20V000L0AM;PXR20V000L0AM;PXR20V000L0AM;;PXR20V000L0AM;PXR20V000L0AM;PXR20V000L0AM;;PXR20V000L0AM;
"""PXR20V000L0AC""";PXR20V000L0AC;PXR20V000L0AC;PXR20V000L0AC;;PXR20V000L0AC;PXR20V000L0AC;PXR20V000L0AC;;PXR20V000L0AC;
"""Breaker  NRX-NF""";Breaker  NRX-NF;Leistungsschalter NRX-NF;Disyuntor NRX-NF;;Disjuntor  NRX-NF;Schalter IZMX16;Disyuntor NRX-NF;;Disjuntor NRX-NF;
"""Breaker  NRX-RF""";Breaker  NRX-RF;Leistungsschalter NRX-RF;Disyuntor NRX-RF;;Disjuntor  NRX-RF;Schalter IZMX40;Disyuntor NRX-RF;;Disjuntor NRX-RF;
"""Breaker MAGNUM STD""";Breaker MAGNUM STD;Leistungsschalter MAGNUM STD;Disyuntor MAGNUM STD;;Disjuntor MAGNUM STD;Schalter IZM32;Dis. MAG STD;;Disj. MAG STD;
"""Breaker MAGNUM DWH""";Breaker MAGNUM DWH;Leistungsschalter MAGNUM DWH;Disyuntor MAGNUM DWH;;Disjuntor MAGNUM DWH;Schalter IZM63;Dis. MAG DWH;;Disj. MAG DWH;
"""QR Code""";QR Code;QR Code;Código QR;;Código QR;QR Code;Código QR;;Código QR;
"""Unit Info.""";Unit Info.;Geräte-Info.;Información del dispositivo;;Informaç?o sobre dispositivo;Geräte-Info.;Dispositivo;;Dispositivo;
"""Enter Password""";Enter Password;Gib Passwort ein;Introducir contrase?a;;Inserir senha;Passwort eing.;Intr. contrase?a;;Inserir senha;
"""Main Menu""";Main Menu;Hauptmenü;Menú Principal;;Menu Principal;Hauptmenü;Menú Principal;;Menu Principal;
"""0""";0;0;0;;0;0;0;;0;
"""0""";0;0;0;;0;0;0;;0;
"""0""";0;0;0;;0;0;0;;0;
"""0""";0;0;0;;0;0;0;;0;
"""Submit""";Submit;Absenden;Enviar;;Enviar;Absenden;Enviar;;Enviar;
"""Submit""";Submit;Absenden;Enviar;;Enviar;Absenden;Enviar;;Enviar;
"""Time is out""";Time is out;Zeit Abgelaufen;Tiempo agotado;;Tempo esgotado;Zeit abgelaufen;Tiempo agotado;;Tempo esgotado;
"""Reset Password""";Reset Password;Passwort auf;Restablecer contrase?a;;Reestabelecer senha de ;Passwort;Restablecer cont;;Reestabelecer se;
"""to Default?""";to Default?;standard zurücksetzen?;por defecto?;;fábrica?;zurücksetzen?;rase?a inicial?;;nha de fábrica?;
"""Y""";Y;Ja;Sí;;Sim;Ja;Sí;;Sim;
"""N""";N;Nein;No ;;N?o;Nein;No ;;N?o;
"""  """;  ;  ;  ;;  ;  ;  ;;  ;
"""Enter Password""";Enter Password;Gib Passwort ein;Introducir contrase?a;;Inserir senha;Passwort eing.;Intr. contrase?a;;Inserir senha;
"""Setting Menu""";Setting Menu;Einstellungsmenü;Menu de configuración;;Menu de configuraç?o;Einstellungsmenü;Menu de config.;;Menu de config.;
"""0""";0;0;0;;0;0;0;;0;
"""0""";0;0;0;;0;0;0;;0;
"""0""";0;0;0;;0;0;0;;0;
"""0""";0;0;0;;0;0;0;;0;
"""Submit""";Submit;Absenden;Enviar;;Enviar;Absenden;Enviar;;Enviar;
"""Retry""";Retry;Wiederholen;Intentar otra vez;;Tentar novamente;Wiederholen;Intent. otra vez;;Tentar novamente;
"""   """;   ;   ;   ;;   ;   ;   ;;   ;
"""Password is""";Password is ;Passwort ist;Contrase?a ;;Senha ;Passwort ist;Contrase?a ;;Senha ;
"""wrong!""";Wrong!;falsch;incorrecta!;;errada!;falsch!;incorrecta!;;errada!;
""" """; ; ; ;; ; ; ;; ;
""" """; ; ; ;; ; ; ;; ;
"""Edit Password"" ";Edit Password;Passwort ändern;Editar contrase?a;;Modificar senha;Passwort ändern;Edit. contrase?a;;Modificar senha;
"""Setting Menu""";Setting Menu;Einstellungsmenü;Menu de configuración;;Menu de configuraç?o;Einstellungsmenü;Menu de config.;;Menu de config.;
"""0""";0;0;0;;0;0;0;;0;
"""0""";0;0;0;;0;0;0;;0;
"""0""";0;0;0;;0;0;0;;0;
"""0""";0;0;0;;0;0;0;;0;
"""Submit""";Submit;Absenden;Enviar;;Enviar;Absenden;Enviar;;Enviar;
"""Change Password""";Change Password ;Passwort ändern;Cambiar contrase?a ;;Modificar senha;Passwort ändern;Cambiar contra;;Modificar senha;
"""to       ?""";to       ?;zu       ?;a       ?;;para       ?;zu       ?;se?a a       ?;;para       ?;
"""Y""";Y;Ja;Sí;;Sim;Ja;Sí;;Sim;
"""N""";N;Nein;No ;;N?o;Nein;No ;;N?o;
""" """; ; ; ;; ; ; ;; ;
"""Trip""";Trip;Ausgelöst;Disparo;;Interrupç?o;Ausgelöst;Disparo;;Interrupç?o;
"""Trip Cause""";Trip Cause;Ausgelöst Grund;Causa del disparo;;Causa da interrupç?o;Auslöse-Ursache;Causa de disparo;;Causa interrup.;
""" """; ; ; ;; ; ; ;; ;
"""Trip Current""";Trip Current;Ansprechstrom;Corriente de disparo;;Corrente de interrupç?o;Ansprechstrom;Corriente disp.;;Corr. Interrup.;
"""A""";A;A;A;;A;A;A;;A;
"""Alarm""";Alarm;Alarm;Alarma;;Alarme;Alarm;Alarma;;Alarme;
"""Alarm Cause""";Alarm Cause;Alarm Grund;Causa de la alarma;;Causa do alarme;Alarm-Ursache;Causa de alarma;;Causa do alarme;
""" """; ; ; ;; ; ; ;; ;
"""Alarm Current""";Alarm Current;Alarmstrom;Corriente de alarma;;Corrente de alarme;Alarm-Strom;Corriente alarma;;Corrente alarme;
"""A""";A;A;A;;A;A;A;;A;
"""Temperature""";Temperature;Temperatur;Temperatura;;Temperatura;Temperatur;Temperatura;;Temperatura;
"""deg C""";deg C;grad C;grados C;;graus C;Grad C;grados C;;graus C;
"""Unknown""";Unknown;Unbekannt;Desconocido(a);;Indefinido(a);Unbekannt;Desconocido(a);;Indefinido(a);
"""Normal""";Normal;Normal;Normal;;Normal;Normal;Normal;;Normal;
"""Instantaneous""";Instantaneous;Kurzschluss;Instantáneo;;Instantânea;Kurzschluss;Instantáneo;;Instantânea;
"""Over Voltage""";Over Voltage;Überspannung;Sobretensión ;;Sobretens?o;Überspannung;Sobretensión ;;Sobretens?o;
"""Under Voltage""";Under Voltage;Unterspannung;Bajada de tensión;;Queda de tens?o;Unterspannung;Bajada tensión;;Queda de tens?o;
"""Low AUX-Power""";Low AUX-Power;Niedrig AUX-Power;AUX-Power bajo;;Baixa alimentacao auxiliar;Hilfssp. niedrig;AUX-Power bajo;;AUX-Power baixo;
"""Over Frequency""";Over Frequency;Überfrequenz;Frecuencia demasiado alta;;Frequ?ncia da rede alta;Überfrequenz;Frecuencia alta;;Frequ?ncia alta;
"""Under Frequency""";Under Frequency;Unterfrequenz;Frecuencia demasiado baja;;Frequ?ncia da rede baixa;Unterfrequenz;Frecuencia baja;;Frequ?ncia baixa;
"""Cur. Un-balance""";Cur. Un-balance;Strom Unsym.;Corriente desbalanceada;;Corrente em desequilíbrio;Strom Unsym.;Corr. desbalanc.;;Corr. em desequ.;
"""Vol. Un-balance""";Vol. Un-balance;Spannung Unsym.;Tensión desbalanceada;;Tens?o em desequilíbrio;Spannung Unsym.;Tens. desbalanc.;;Tens. em desequ.;
"""Apparent QF""";Apparent QF;Qualitätsfaktor;Factor Q;;Fator Q;Qualitätsfaktor;Factor Q;;Fator Q;
"""Power Demand""";Power Demand;Leistungsbedarf;Demanda de potencia;;Demanda de pot?ncia;Wirkl. Bedarf;Demanda potencia;;Demanda pot?ncia;
"""VA Demand""";VA Demand;VA Bedarf;Demanda de VA;;Demanda de VA;Scheinl. Bedarf;Demanda de VA;;Demanda de VA;
"""THD""";THD;THD;THD;;THD;THD;THD;;THD;
"""Breaker Health""";Breaker Health;Schalter Zust.;Salud del disyuntor;;Saúde do disjuntor;Schalter Zust.;Salud disyuntor;;Saúde disjuntor;
"""Control via Comm.""";Control via Comm.;Kontrolliere üb. Komm.;Control via comunicación;;Controle via Comunicaç?o;Kontr. üb. Komm.;Control via com.;;Controle via Com.;
"""TA Open""";TA Open;Stellantrieb offen;Actuador abierto;;Atuador aberto;Ausl.Spule offen;Actuador abierto;;Atuador aberto;
"""Diag. Warning""";Diag. Warning;Diag. Alarm;Alarma de diagnóstico;;Alarme de diagnóstico;Diag. Warnung;Alarma diagnóst.;;Alarme diagnóst.;
"""Long Delay""";Long Delay;Überlast;Retraso largo;;Atraso longo;Überlast;Retraso largo;;Atraso longo;
"""Short Delay""";Short Delay;Verz.kurzschl.;Retraso corto;;Atraso curto;verz.Kurzschluss;Retraso corto;;Atraso curto;
"""Bad Rating Plug""";Bad Rating Plug;Schlechter Bw. Stecker;Enchufe Incorrecto;;Plugue incorreto;RP nicht i.O.;Enchufe Incorr.;;Plugue incorreto;
"""Reverse Power""";Reverse Power;Umkehrleistung;Potencia Inversa;;Pot?ncia reversa;Rückleistung;Potencia Inversa;;Pot?ncia reversa;
"""Reverse Seq.""";Reverse Seq.;Umgek. Sequenz;Secuencia inversa;;Sequ?ncia inversa;Umgek. Sequenz;Secuencia inver.;;Seq. inversa;
"""Phase Cur. Loss""";Phase Cur. Loss;Pha. Strom Verlust;Pérdidas de corriente de fase;;Perda de corrente em fase;Phasenstr. Verl.;Pérdidas de fase;;Perda de fase;
"""MCR""";MCR;MCR;MCR;;MCR;MCR;MCR;;MCR;
"""Hardware Inst.""";Hardware Inst.;Override Kurzschluss;Instantáneo Override;;Instantânea Override;Overr. Kurzschl.;Inst. Override;;Inst. Override;
"""Setpoints Error""";Setpoints Error;Fehler Einst.;Error de setpoints;;Erro de setpoints;Fehler Einst.;Error setpoints;;Erro setpoints;
"""Over Temp.""";Over Temp.;Übertemperatur;Sobretemperatura;;Sobreaquecimento;Übertemperatur;Sobretemperatura;;Sobreaquecimento;
"""Neu. Long Delay""";Neu. Long Delay;Überlast in N;Retraso Largo en neutro;;Atraso longo em neutro;Überlast in N;Retraso Largo -N;;Atraso longo - N;
"""Ground Fault""";Ground Fault;Erdschluss;Falla a tierra;;Fuga ? terra;Erdschluss;Falla a tierra;;Fuga ? terra;
"""Ground Fault""";Ground Fault;Erdschluss;Falla a tierra;;Fuga ? terra;Erdschluss;Falla a tierra;;Fuga ? terra;
"""Calibration Error""";Calibration Error;Kalibrierungsfehler;Error de calibración;;Erro de calibraç?o;Kalibrierfehler;Error de calibr.;;Erro calibraç?o;
"""RTC""";RTC;RTC;RTC;;RTC;RTC;RTC;;RTC;
"""ARMS""";ARMs;ARMs;ARMs;;ARMs;ARMS;ARMs;;ARMs;
"""Mechanism""";Mechanism;Schaltschloss;Mecanismo;;Mecanismo;Schaltschloss;Mecanismo;;Mecanismo;
"""RAM Error""";RAM Error;RAM Fehler;Error de RAM;;Erro na RAM;RAM Fehler;Error de RAM;;Erro na RAM;
"""NV Memory""";NV Memory;NV Speicher;Memoria no volátil (NV);;Memória n?o volátil;NV Speicher;Mem. no volátil;;Mem. n?o volátil;
"""Watchdog""";Watchdog;Watchdog;Watchdog;;Watchdog;Int.Überwachung;Watchdog;;Watchdog;
"""ROM Error""";ROM Error;ROM Fehler;Error de ROM;;Erro em ROM;ROM Fehler;Error de ROM;;Erro em ROM;
"""Open from LCD""";Open from LCD;Von LCD Öffnen;Abierto desde el LCD;;Aberto via LCD;Von LCD Öffnen;Abierto desde LCD;;Aberto via LCD;
"""GF Pre-Alarm""";GF Pre-Alarm;Erdschluss voralarm;Prealarma - falla a tierra;;Fuga ? terra pré-alarme;Erdschl.voralarm;Prealarma GF;;GF pré-alarme;
"""Highload Alarm 1""";High Load;Hohe Last Alarm 1;Carga alta 1;;Alta carga 1;Überlastalarm 1;Carga alta 1;;Alta carga 1;
"""Highload Alarm 2""";Highload Alarm 2;Hohe Last Alarm 2;Carga alta 2;;Alta carga 2;Überlastalarm 2;Carga alta 2;;Alta carga 2;
"""Thermal M. Alm.""";Thermal M. Alm.;Thermischer Speicher Alarm;Memoria térmica;;Alarme memória térmica;Therm.Sp. Alarm;Memoria térmica;;Memória térmica;
"""High Temp.""";High Temp.;hohe Temperatur;Alta temperatura;;Temperatura alta;hohe Temperatur;Alta temperatura;;Temperatura alta;
"""Low battery""";Low battery;Niedriger batteriestatus;Batería baja;;Bateria baixa;"Batterie ""low""";Batería baja;;Bateria baixa;
"""Neu. Short Delay""";Neu. Short Delay;Verz.kurzschl. in N ;Retraso corto en neutro;;Atraso curto em neutro;N verz.Kurzschl.;Retraso corto -N;;Atraso curto - N;
"""Neu. Instant.""";Neu. Instant.;Kurzschl. in N ;Instantáneo en neutro;;Instantânea em neutro;N unv.Kurzschl.;Instantáneo -N;;Instantânea - N;
"""  """;  ;  ;  ;;  ;  ;  ;;  ;
"""Loading""";Loading;Laden;Cargando;;Carregando;Laden;Cargando;;Carregando;
"""Loading...""";Loading…;Laden…;Cargando…;;Carregando…;Laden…;Cargando…;;Carregando…;
"""In=200""";In=200;In=200;In=200;;In=200;In=200;In=200;;In=200;
"""In=250""";In=250;In=250;In=250;;In=250;In=250;In=250;;In=250;
"""In=300""";In=300;In=300;In=300;;In=300;In=300;In=300;;In=300;
"""In=320""";In=320;In=320;In=320;;In=320;In=320;In=320;;In=320;
"""In=400""";In=400;In=400;In=400;;In=400;In=400;In=400;;In=400;
"""In=500""";In=500;In=500;In=500;;In=500;In=500;In=500;;In=500;
"""In=600""";In=600;In=600;In=600;;In=600;In=600;In=600;;In=600;
"""In=630""";In=630;In=630;In=630;;In=630;In=630;In=630;;In=630;
"""In=800""";In=800;In=800;In=800;;In=800;In=800;In=800;;In=800;
"""In=1000""";In=1000;In=1000;In=1000;;In=1000;In=1000;In=1000;;In=1000;
"""In=1200""";In=1200;In=1200;In=1200;;In=1200;In=1200;In=1200;;In=1200;
"""In=1250""";In=1250;In=1250;In=1250;;In=1250;In=1250;In=1250;;In=1250;
"""In=1600""";In=1600;In=1600;In=1600;;In=1600;In=1600;In=1600;;In=1600;
"""In=2000""";In=2000;In=2000;In=2000;;In=2000;In=2000;In=2000;;In=2000;
"""In=2500""";In=2500;In=2500;In=2500;;In=2500;In=2500;In=2500;;In=2500;
"""In=3000""";In=3000;In=3000;In=3000;;In=3000;In=3000;In=3000;;In=3000;
"""In=3200""";In=3200;In=3200;In=3200;;In=3200;In=3200;In=3200;;In=3200;
"""In=4000""";In=4000;In=4000;In=4000;;In=4000;In=4000;In=4000;;In=4000;
"""In=6300""";In=6300;In=6300;In=6300;;In=6300;In=6300;In=6300;;In=6300;
"""Prot. Settings""";Prot. Settings;Schutzeinstellungen;Selectores;;Configuraç?o dos seletores;Auslöser einst.;Selectores;;Seletores;
"""Main Menu""";Main Menu;Hauptmenü;Menú Principal;;Menu Principal;Hauptmenü;Menú Principal;;Menu Principal;
"""Long""";Long;Überlast;Largo;;Longo;Überlast;Largo;;Longo;
"""[   ] [   ]""";[   ] [   ];[   ] [   ];[   ] [   ];;[   ] [   ];[   ] [   ];[   ] [   ];;[   ] [   ];
"""Short""";Short;Verz.kurzschl.;Corto ;;Curto   ;verz.Kurzschl.;Corto ;;Curto   ;
"""[   ] [   ]""";[   ] [   ];[   ] [   ];[   ] [   ];;[   ] [   ];[   ] [   ];[   ] [   ];;[   ] [   ];
"""Inst.""";Inst.;Kurzschluss;Instantáneo ;;Inst.;unverz.Kurzschl.;Inst.;;Inst.;
"""[   ]      """;[   ]      ;[   ]      ;[   ]      ;;[   ]      ;[   ]      ;[   ]      ;;[   ]      ;
"""GF""";GF;GF;GF;;GF;GF;GF;;GF;
"""[   ] [   ]""";[   ] [   ];[   ] [   ];[   ] [   ];;[   ] [   ];[   ] [   ];[   ] [   ];;[   ] [   ];
"""MM""";MM;MM;MM;;MM;ARMS;MM;;MM;
"""[   ]      """;[   ]      ;[   ]      ;[   ]      ;;[   ]      ;[   ]      ;[   ]      ;;[   ]      ;
"""On""";On;Ein;On;;On;EIN;On;;On;
"""Off""";Off;Aus;Off;;Off;AUS;Off;;Off;
"""Off/RMT]""";Off/RMT];Off/RMT];Off/RMT];;Off/RMT];AUS/RMT];Off/RMT];;Off/RMT];
"""Invalid]""";Invalid];Ungültig];Inválido];;Inválido];Ungültig];Inválido];;Inválido];
"""Password - Wrong""";Password Wrong;;;;;;;;;
"""Pswd Enter Admin""";Password Enter Admin;;;;;;;;;
"""Pswd Change User""";Password Change User;;;;;;;;;
"""Pswd Change Admin""";Password Change Admin;;;;;;;;;
"""Events""";Events;Ereignisse;Eventos;;Eventos;Ereignisse;Eventos;;Eventos;
"""Main Menu""";Main Menu;Hauptmenü;Menú Principal;;Menu Principal;Hauptmenü;Menú Principal;;Menu Principal;
"""Summary""";Summary;Überblick;Resumen;;Resumo;Überblick;Resumen;;Resumo;
"""Trip""";Trip;Ausgelöst;Disparo;;Interrupç?o;Ausgelöst;Disparo;;Interrupç?o;
"""Alarm""";Alarm;Alarm;Alarma;;Alarme;Alarm;Alarma;;Alarme;
"""Time Change""";Time Change;Zeit Änderung;Ajuste de hora;;Ajuste hora;Zeit Änderung;Ajuste de hora;;Ajuste hora;
"""  """;  ;  ;  ;;  ;  ;  ;;  ;
"""Summary #   """;Summary #   ;Überblick #   ;Resumen #   ;;Resumo #   ;Überblick #   ;Resumen #   ;;Resumo #   ;
"""Trip Event #  """;Trip Event #  ;Ausgelöst Ereignis #  ;Evento de disparo #  ;;Evento de interrupç?o #  ;Ereignis ausgel#;Evento disparo #;;Interrupç?o #   ;
"""Alarm Event #  """;Alarm Event #  ;Alarm Ereignis #  ;Evento de alarma #  ;;Evento de alarme #  ;Ereignis Alarm #;Evento alarma # ;;Evento alarme #;
"""Time Change #  """;Time Change #  ;Zeit Änderung #  ;Ajuste de hora #  ;;Ajuste de hora #  ;Zeit Änderung # ;Ajuste de hora #;;Ajuste de hora #;
"""Event Menu""";Event Menu;Ereignismenü;Menú de eventos;;Menu de eventos;Ereignismenü;Menú de eventos;;Menu de eventos;
"""Null""";Null;Null;Nulo;;Nulo;Null;Nulo;;Nulo;
"""Original Time""";Original Time;Ursprüngliche zeit;Hora original;;Hora anterior;ursprüngl. Zeit;Hora original;;Hora anterior;
"""Power up-Time OK""";Power up-Time OK;Einschalten-Zeit OK;Encendido - Hora OK;;Inicializaç?o-hora OK;Einsch.-Zeit OK;Encend.-Hora OK;;Inic. - hora OK;
"""Power up-No Time""";Power up-No Time;Einschalten-Keine Zeit;Encendido - Sin hora;;Inicializaç?o-sem hora;Einsch.Zeit n.OK;Encend.-Sin hora;;Inic. - sem hora;
"""Setpoints Download""";Setpoints Download;Werte laden;Descarga setpoints;;Download de setpoints;Werte laden;Descarga setpoints;;Download setpoints;
"""Time Adjusted""";Time Adjusted;Zeit Änderung;Hora ajustada;;Hora ajustada;Zeit eingestellt;Hora ajustada;;Hora ajustada;
"""Trip""";Trip;Ausgelöst;Disparo ;;Interrupç?o;Ausgelöst;Disparo ;;Interrupç?o;
"""Trip No Waveform""";Trip No Waveform;Ausgelöst keine Wellenform;Disparo sin captura;;Interrupç?o sem captura;Trip no waveform;Disp. sin captura;;Int. s/ captura;
"""Alarm""";Alarm;Alarm;Alarma;;Alarme;Alarm;Alarma;;Alarme;
"""Minor Alarm""";Minor Alarm;Geringer Alarm;Alarma menor;;Alarme secundário;Geringer Alarm;Alarma menor;;Alarme secundário;
"""Enter Test Mode""";Enter Test Mode;Test Modus Eingeben;Entrar en modo test;;Entrar em modo de teste;Test Modus Eing.;Entrar modo test;;Entrar modo teste;
"""Exit Test Mode""";Exit Test Mode;Test Modus Verlassen;Salir de modo test;;Sair de modo de teste;Test Modus Verl.;Salir modo test;;Sair modo teste;
"""Test Complete""";Test Complete;Test beendet;Test completo;;Teste completo;Test beendet;Test completo;;Teste completo;
"""MM Activated""";MM Activated;ARMS aktiviert;Modo de mantenimiento activado;;MM ativado;ARMS aktiviert;MM activado;;MM ativado;
"""MM Deactivated""";MM Deactivated;ARMS deaktiviert;Modo de mantenimiento desactivado;;MM desativado;ARMS deaktiviert;MM desactivado;;MM desativado;
"""Opened via Comm.""";Opened via Comm.;Geöffnet von Comm.;Abierto por Com.;;Aberto via Com.;Geöff.von Comm.;Abierto por Com.;;Aberto via Com.;
"""Closed via Comm.""";Closed via Comm.;Geschl. von Comm.;Cerrado por Com.;;Fechado via Com.;Geschl.von Comm.;Cerrado por Com.;;Fechado via Com.;
"""Pswd Enter User""";Password Enter User;;;;;;;;;
"""Relay Config.""";Relay Config.;Relaiskonfiguration;Configuración de relés;;Configuraç?o dos relés;Relaiskonfig.;Config. de relés;;Config. de relés;
"""Relay 1""";Relay 1;Relais 1;Rele 1;;Relé 1;Relais 1;Relé 1;;Relé 1;
"""Relay 2""";Relay 2;Relais 2;Rele 2;;Relé 2;Relais 2;Relé 2;;Relé 2;
"""Relay 3""";Relay 3;Relais 3;Rele 3;;Relé 3;Relais 3;Relé 3;;Relé 3;
"""Overload Trip""";Overload Trip;Überladungs Ausgelöst;Disparo por sobrecarga;;Interrupç?o por sobrecarga;Überlastausl.;Disp. sobrecarga;;Int. sobrecarga;
"""Neutral Trip""";Neutral Trip;Neutral Ausgelöst;Disparo por neutro;;Interrupç?o em Neutro;N-Auslösung;Disp. por neutro;;Int. em neutro;
"""Short Circ. Trip""";Short Circ. Trip;Kurzsch. Ausgelöst;Disparo por cortocircuito;;Interrupç?o por curto circuito;Kurzschl.ausl.;Disp. por corto;;Int. por curto ;
"""GND Fault Trip""";GND Fault Trip;Erdschluss Ausgelöst;Disparo por falla a tierra;;Interrupç?o por corrente de fuga;Erdschlussausl.;Disp. f. a tierra;;Int. corr. fuga;
"""Maint. Mode Trip""";Maint. Mode Trip;Wartungs M. Schaltung;Disparo en modo de mantenimiento;;Interrupç?o em modo de manutenç?o;ARMSauslösung;Disparo en MM;;Int. em MM;
"""All Trips""";All Trips;Alle Ausgelösten;Qualquier disparo;;Qualquer interrupç?o;Alle Auslösungen;Qualquier disparo;;Qualquer interr.;
"""Highload Alarm 1""";Highload Alarm 1;Hohe Last Alarm 1;Alarma de carga alta 1;;Alarme de alta carga 1;Überlastalarm 1;Al. carga alta 1;;Al. alta carga 1;
"""Highload Alarm 2""";Highload Alarm 2;Hohe Last Alarm 2;Alarma de carga alta 2;;Alarme de alta carga 2;Überlastalarm 2;Al. carga alta 2;;Al. alta carga 2;
"""High Temp.""";High Temp.;Hohe Temperatur;Temperatura Alta;;Alta temperatura;Hohe Temperatur;Temperatura alta;;Alta temperatura;
"""GF Pre-Alarm""";GF Pre-Alarm;Erdschluss voralarm;Tierra prealarma;;Fuga a terra pré-alarme;GF Voraus-Alarm;Tierra prealarma;;Fuga ? terra pré;
"""Thermal M. Alm."" ";Thermal M. Alm.;Thermischer Speicher Alarm;Memória térmica;;Alarme de memória térmica;Therm.Sp. Alarm;Memória térmica;;Memória térmica;
"""Watchdog""";Watchdog;Watchdog;Watchdog;;Watchdog;Watchdog;Watchdog;;Watchdog;
"""Low Battery"" ";Low Battery;Niedrige Batterie;Batería baja;;Bateria baixa;"Batterie ""low""";Batería baja;;Bateria baixa;
"""HW Fault""";HW Fault;HW Fehler;Error de hardware;;Falha em hardware;HW Fehler;Error de HW;;Falha em HW;
"""Setp. Mismatch""";Setp. Mismatch;Fehler Einst.;Error setpoints;;Erro em setpoints;Fehler Einst.;Error setpoints;;Erro setpoints;
"""25% Health""";25% Health;25% Zustand;Salud 25%;;Saúde disjuntor 25%;25% Zustand;Salud 25%;;Saúde 25%;
"""Comm. Error""";Comm. Error;Comm Fehler;Error de comunicación;;Erro de comunicaç?o;Comm Fehler;Error de com.;;Erro de com.;
"""All Faults""";All Faults;Alle Fehler;Qualquier error o falla;;Qualquer erro/falha;Alle Fehler;Qualquier error;;Qualquer err/fal;
"""Aux Contact""";Aux Contact;Aux Kontakt;Contacto auxiliar;;Contato auxiliar;Aux Kontakt;Contacto auxiliar;;Contato auxiliar;
"""Bell Contact""";Bell Contact;Bell Kontakt;"Contacto ""Bell"" ";;"Alarme/contato ""Bell""";Bell Kontakt;"Contacto ""Bell"" ";;"Contato ""Bell""";
"""Maint. Mode ON""";Maint. Mode ON;ARMS Ein;Modo de mantenimiento activo;;Modo Manutenç?o ativo;ARMS Ein;Modo Mant. activo;;Modo Mant. ativo;
"""ZSI Active""";ZSI Active;ZSI Aktiviert;ZSI activo;;ZSI ativo;ZSI Aktiviert;ZSI activo;;ZSI ativo;
"""ZSI In Received""";ZSI In Received;ZSI Ein. erhalten;ZSI In recibido;;ZSI In recebido;ZSI Eing.empfang;ZSI In recibido;;ZSI In recebido;
"""ZSI Out Sent""";ZSI Out Sent;ZSI Aus. gesendet;ZSI Out enviado;;ZSI Out enviado;ZSI Ausg.gesend.;ZSI Out enviado;;ZSI Out enviado;
"""Remote Control""";Remote Control;Fernsteuerung;Control Remoto;;Controle remoto;Fernsteuerung;Control Remoto;;Controle remoto;
"""Short Delay Trip""";Short Delay Trip;Verz.Kurzschl.Ausgelöst;Disparo por retraso corto;;Interrupç?o por atraso curto;verz.Kurzschl.;Disp. ret. corto;;Int. atraso curto;
"""Inst. Trip""";Inst. Trip;Kurzschluss Ausgelöst;Disparo instantáneo;;Interrupç?o Instantânea;unverz.Kurzschl.;Disp. instantáneo;;Int. Instantânea;
"""Open Command""";Open Command;Geöffnet von Comm.;Comando de abrir;;Comando de abrir;AUS von Comm.;Comando de abrir;;Comando de abrir;
"""Close Command""";Close Command;Geschl. von Comm.;Comando de cerrar;;Comando de fechar;EIN von Comm.;Comando de cerrar;;Comando de fechar;
"""Mechanism Trip""";Mechanism Trip;;;;;;;;;
"""Direct ShortCirc""";Directional Short Circuit;;;;;;;;;
"""Over Voltage""";Over Voltage;;;;;;;;;
"""Under Voltage""";Under Voltage;;;;;;;;;
"""Over Frequency""";Over Frequency;;;;;;;;;
"""Under Frequency""";Under Frequency;;;;;;;;;
"""Volt Unbalance""";Voltage Unbalance;;;;;;;;;
"""Curr Unbalance""";Current Unbalance;;;;;;;;;
"""Reverse Act Pwr""";Reverse Active Power;;;;;;;;;
"""ReverseActivePwr""";Reverse Reactive Power;;;;;;;;;
"""TotalHarmonDist""";Total Harmonic Distortion;;;;;;;;;
"""OverPower Factor""";Over Power Factor;;;;;;;;;
"""UnderPowerFactor""";Under Power Factor;;;;;;;;;
"""Over Real Power""";Over Real Power;;;;;;;;;
"""OverPower Demand""";Over Power Demand;;;;;;;;;
"""OverApparentPwr""";Over Apparent Power;;;;;;;;;
"""OverReactivPwr""";Over Reactive Power;;;;;;;;;
"""Phase Rotation""";Phase Rotation;;;;;;;;;
"""PhaseLoss Curr""";Phase Loss (current);;;;;;;;;
"""Sync-Check""";Sync-Check;;;;;;;;;
"""AQD PreWar Alarm""";AQD Pre-warning Alarm;;;;;;;;;
"""User Management";User Management;;;;;;;;;
"""User""";User;;;;;;;;;
"""Administrator""";Administrator;;;;;;;;;
"""Edit Password"" ";Edit Password;;;;;;;;;
"""User Privileges""";User Privileges;;;;;;;;;
"""User Disable""";User Disable;;;;;;;;;
"""Stp. Rmt. Change""";Remote setpoints change;;;;;;;;;
"""Admin pswd changed""";Admin password changed;;;;;;;;;
"""User pswd changed""";User password changed;;;;;;;;;
"""User enabled""";User enabled;;;;;;;;;
"""User disabled""";User disabled;;;;;;;;;
;;;;;;;;;;
;;;;;;;;;;
;;;;;;;;;;
;;;;;;;;;;
;;;;;;;;;;
